﻿{
    "monsters_data":  [
                          {
                              "monster_type":  "MONSTER_TYPE_NORMAL",
                              "name":  "WORDS_TYPE_MONSTER_NAME",
                              "hp":  2,
                              "speed":  1,
                              "damage":  1,
                              "score_value":  1,
                              "color0":  0.8,
                              "color1":  0.6,
                              "color2":  0.4,
                              "scale":  1.5,
                              "monster_attack_words_type":  "WORDS_TYPE_MONSTER_ATTACK",
                              "monster_was_hit_words_type":  "WORDS_TYPE_MONSTER_WAS_HIT"
                          },
                          {
                              "monster_type":  "MONSTER_TYPE_DOG",
                              "name":  "WORDS_TYPE_MONSTER_NAME",
                              "hp":  2,
                              "speed":  5,
                              "damage":  2,
                              "score_value":  3,
                              "color0":  0.5,
                              "color1":  0,
                              "color2":  0.5,
                              "scale":  1,
                              "monster_attack_words_type":  "WORDS_TYPE_MONSTER_ATTACK",
                              "monster_was_hit_words_type":  "WORDS_TYPE_MONSTER_WAS_HIT"
                          },
                          {
                              "monster_type":  "MONSTER_TYPE_BOSS",
                              "name":  "WORDS_TYPE_MONSTER_NAME",
                              "hp":  5,
                              "speed":  2,
                              "damage":  10,
                              "score_value":  10,
                              "color0":  0.8,
                              "color1":  0.01,
                              "color2":  0,
                              "scale":  2,
                              "monster_attack_words_type":  "WORDS_TYPE_MONSTER_ATTACK",
                              "monster_was_hit_words_type":  "WORDS_TYPE_MONSTER_WAS_HIT"
                          },
                          {
                              "monster_type":  "MONSTER_TYPE_BOMB",
                              "name":  "WORDS_TYPE_MONSTER_NAME",
                              "hp":  1,
                              "speed":  1,
                              "damage":  5,
                              "score_value":  3,
                              "color0":  0.8,
                              "color1":  0.8,
                              "color2":  0,
                              "scale":  2,
                              "monster_attack_words_type":  "WORDS_TYPE_MONSTER_ATTACK",
                              "monster_was_hit_words_type":  "WORDS_TYPE_MONSTER_WAS_HIT"
                          }
                      ]
}
